number,value,datetime_start,datetime_complete,duration,params_alpha,params_beta,params_dilate_amount,params_dilate_kernel_size,params_erode_amount,params_erode_before_dilate,params_erode_kernel_size,params_gaussian_blur_kernel_size,params_history,params_var_threshold,state
0,0.04940946282851664,2025-11-18 14:30:02.905338,2025-11-18 14:30:10.145826,0 days 00:00:07.240488,0.4325001366545119,12.45979520110183,5,5,3,False,13,19,978,40.86492344137736,COMPLETE
1,0.08833514908927237,2025-11-18 14:30:02.906363,2025-11-18 14:30:07.929136,0 days 00:00:05.022773,1.7284875670127364,4.527629572056591,4,5,1,False,1,13,717,32.28032315116905,COMPLETE
2,0.05125770874251777,2025-11-18 14:30:02.907330,2025-11-18 14:30:13.722724,0 days 00:00:10.815394,2.1038083730259127,-0.3569914953551634,3,11,4,True,15,19,879,29.648830234390907,COMPLETE
3,0.0428740164959783,2025-11-18 14:30:02.907604,2025-11-18 14:30:15.207958,0 days 00:00:12.300354,1.1775259733910366,-46.242191619588105,5,11,4,False,15,25,1000,48.92839076754346,COMPLETE
4,0.049703184185606056,2025-11-18 14:30:07.930211,2025-11-18 14:30:12.722129,0 days 00:00:04.791918,1.318780016047785,40.1052284862769,2,1,5,True,3,5,994,41.41976536637062,COMPLETE
5,0.04886396151912645,2025-11-18 14:30:10.147620,2025-11-18 14:30:20.261613,0 days 00:00:10.113993,0.3079956311187559,46.87323245010644,4,9,4,False,1,45,593,28.131960489541775,COMPLETE
6,0.04873015455480732,2025-11-18 14:30:12.723464,2025-11-18 14:30:20.133183,0 days 00:00:07.409719,0.8982020629281942,0.16172211362327493,4,7,2,True,15,9,790,13.008043653179847,COMPLETE
7,0.11782323013117282,2025-11-18 14:30:13.723800,2025-11-18 14:30:24.785287,0 days 00:00:11.061487,1.7349582706861004,-49.60766373621509,5,15,1,True,9,17,832,29.59388643193651,COMPLETE
8,0.0561261595994669,2025-11-18 14:30:15.209199,2025-11-18 14:30:24.243593,0 days 00:00:09.034394,2.1330140320855673,-48.11108089699886,5,11,3,True,7,17,441,7.010343179401994,COMPLETE
9,0.0479152345211373,2025-11-18 14:30:20.135242,2025-11-18 14:30:25.448289,0 days 00:00:05.313047,2.0825009409908883,23.08754564522272,1,5,4,True,3,11,246,22.916694360438505,COMPLETE
10,0.04893782661686307,2025-11-18 14:30:20.262513,2025-11-18 14:30:25.908778,0 days 00:00:05.646265,2.7168543302040185,-26.104499384900848,3,3,2,True,7,9,743,15.48168852123492,COMPLETE
11,0.1279696523978208,2025-11-18 14:30:24.244851,2025-11-18 14:30:33.143462,0 days 00:00:08.898611,2.151814331763188,-33.6184584050349,5,13,2,True,5,5,599,6.403011238671576,COMPLETE
12,0.057639952037738494,2025-11-18 14:30:24.786413,2025-11-18 14:30:34.359615,0 days 00:00:09.573202,1.3808921490709376,49.85124800422827,3,15,4,False,11,5,233,49.592719263519236,COMPLETE
13,0.0499814917110924,2025-11-18 14:30:25.449285,2025-11-18 14:30:36.985423,0 days 00:00:11.536138,2.9888081538660822,-23.109987261947207,3,15,5,False,11,25,167,49.30538084513477,COMPLETE
14,0.05116843712004302,2025-11-18 14:30:25.910233,2025-11-18 14:30:35.115032,0 days 00:00:09.204799,2.8915231226000913,23.468543374974537,1,15,5,False,11,25,162,48.71835433209242,COMPLETE
15,0.05077633247989151,2025-11-18 14:30:33.144826,2025-11-18 14:30:41.951998,0 days 00:00:08.807172,1.1260330682594542,24.865185540103077,1,9,5,False,11,25,131,20.05693203698553,COMPLETE
16,0.051216772031659176,2025-11-18 14:30:34.360884,2025-11-18 14:30:42.253973,0 days 00:00:07.893089,2.710703965083263,25.147347320206364,1,7,5,False,11,11,145,21.39899285519016,COMPLETE
17,0.04569632596216798,2025-11-18 14:30:35.116414,2025-11-18 14:30:40.338944,0 days 00:00:05.222530,0.8647611205568912,-17.667023623359526,1,7,4,False,5,11,351,19.976774588293456,COMPLETE
18,0.0456929830714553,2025-11-18 14:30:36.986509,2025-11-18 14:30:42.363393,0 days 00:00:05.376884,0.8849637393624158,26.873743253833318,1,7,4,False,5,11,373,20.04289782312742,COMPLETE
19,0.05041753253016274,2025-11-18 14:30:40.340521,2025-11-18 14:30:46.074951,0 days 00:00:05.734430,0.8115345901031306,-14.514231618945992,2,9,3,False,5,3,403,20.572468583251666,COMPLETE
20,0.04306189426089599,2025-11-18 14:30:41.953928,2025-11-18 14:30:48.365174,0 days 00:00:06.411246,0.7353222034113831,-12.161207121078817,2,11,3,False,5,15,400,37.686297866172886,COMPLETE
21,0.0449596295711747,2025-11-18 14:30:42.255727,2025-11-18 14:30:48.127789,0 days 00:00:05.872062,0.7285278431439371,-14.988265359761883,2,11,3,False,5,7,402,36.519807358963575,COMPLETE
22,0.043220135381593715,2025-11-18 14:30:42.365000,2025-11-18 14:30:48.646806,0 days 00:00:06.281806,0.6444442990584682,-7.399408592592664,2,11,3,False,5,15,484,34.157687068450905,COMPLETE
23,0.040615069970538716,2025-11-18 14:30:46.076580,2025-11-18 14:30:52.540838,0 days 00:00:06.464258,0.609886748123975,35.804199698631955,2,11,3,False,9,7,530,36.28319875688959,COMPLETE
24,0.039161515326879906,2025-11-18 14:30:48.128852,2025-11-18 14:30:54.129962,0 days 00:00:06.001110,0.646793802184584,-37.485674611509864,2,11,3,False,7,7,504,37.27066769470988,COMPLETE
25,0.049543306327160495,2025-11-18 14:30:48.366097,2025-11-18 14:30:54.303932,0 days 00:00:05.937835,0.5645869874279538,-38.470221444012154,2,11,3,False,3,15,501,36.79318001510843,COMPLETE
26,0.042644917052469145,2025-11-18 14:30:48.648015,2025-11-18 14:30:55.660581,0 days 00:00:07.012566,0.5830826309404289,-37.585432012380835,2,13,2,False,9,15,510,39.341702299985,COMPLETE
27,0.04231099697788065,2025-11-18 14:30:52.541972,2025-11-18 14:30:59.497087,0 days 00:00:06.955115,0.5633633161496275,-39.61366865835326,2,13,2,False,9,15,524,43.28450928167984,COMPLETE
28,0.04168632944023568,2025-11-18 14:30:54.131124,2025-11-18 14:31:00.460918,0 days 00:00:06.329794,0.5167303171982467,-39.552345771453304,2,13,2,False,9,7,639,43.08241461773306,COMPLETE
29,0.09493796837004301,2025-11-18 14:30:54.304936,2025-11-18 14:31:01.781946,0 days 00:00:07.477010,1.1243006543966676,-38.83073598111654,3,13,2,False,9,7,651,43.894424459292196,COMPLETE
30,0.042356010919378975,2025-11-18 14:30:55.662139,2025-11-18 14:31:01.847257,0 days 00:00:06.185118,0.38679533033951496,-37.57843410002821,2,13,2,False,9,7,673,43.75029951554604,COMPLETE
31,0.050256989747007104,2025-11-18 14:30:59.498063,2025-11-18 14:31:06.424436,0 days 00:00:06.926373,0.29729969189350636,-27.41731407853617,3,13,2,False,9,7,648,44.65103967205704,COMPLETE
32,0.05332959221848111,2025-11-18 14:31:00.462314,2025-11-18 14:31:07.400673,0 days 00:00:06.938359,0.272892721480575,-31.370295769766777,3,13,1,False,13,7,642,44.32650839737792,COMPLETE
33,0.052591909400720165,2025-11-18 14:31:01.783375,2025-11-18 14:31:08.808821,0 days 00:00:07.025446,0.26867774746742756,-29.876503202604304,3,13,1,False,13,7,678,44.107517278243435,COMPLETE
34,0.048654170466236435,2025-11-18 14:31:01.848349,2025-11-18 14:31:07.566743,0 days 00:00:05.718394,0.27230250375419235,-28.579725046897487,2,13,1,False,7,7,567,44.576359846771496,COMPLETE
35,0.06142876975776282,2025-11-18 14:31:06.426248,2025-11-18 14:31:12.406967,0 days 00:00:05.980719,0.49666515334011363,15.216680630596215,2,13,1,False,7,7,562,40.8695253233554,COMPLETE
36,0.04405218636012906,2025-11-18 14:31:07.402169,2025-11-18 14:31:13.063067,0 days 00:00:05.660898,0.5162743065236305,14.61180462691988,2,9,1,False,7,13,553,31.812226024850535,COMPLETE
37,0.041705491693555925,2025-11-18 14:31:07.567896,2025-11-18 14:31:13.738726,0 days 00:00:06.170830,0.556072180564738,10.755134571066748,2,9,3,False,7,13,544,33.00388789296146,COMPLETE
38,0.03985420247030489,2025-11-18 14:31:08.810010,2025-11-18 14:31:15.285001,0 days 00:00:06.474991,1.0091349664748688,15.582529128184731,2,9,3,False,7,13,539,33.27978563512648,COMPLETE
39,0.03988680935512532,2025-11-18 14:31:12.408898,2025-11-18 14:31:18.769359,0 days 00:00:06.360461,1.0461976012726253,-41.57155735073189,2,9,3,False,7,13,928,32.5478789406071,COMPLETE
40,0.042258953832304526,2025-11-18 14:31:13.064217,2025-11-18 14:31:20.650210,0 days 00:00:07.585993,0.9857935212952256,-43.079065343376556,2,11,3,False,9,19,937,33.99342796942537,COMPLETE
41,0.04619672199424804,2025-11-18 14:31:13.739843,2025-11-18 14:31:20.105721,0 days 00:00:06.365878,1.028884089891696,5.596529604522889,1,9,3,False,7,19,933,33.70282687254411,COMPLETE
42,0.046450186178918815,2025-11-18 14:31:15.286270,2025-11-18 14:31:22.266356,0 days 00:00:06.980086,0.9740212880224207,31.27398703591056,1,11,3,False,9,19,928,25.304230014161597,COMPLETE
43,0.04630696066568463,2025-11-18 14:31:18.772815,2025-11-18 14:31:25.745186,0 days 00:00:06.972371,0.9900154132349437,40.905096884334476,4,9,3,True,7,13,922,27.15572514767576,COMPLETE
44,0.04068953423120089,2025-11-18 14:31:20.107493,2025-11-18 14:31:27.371901,0 days 00:00:07.264408,1.3625550376763722,-45.152585956918415,2,11,3,False,9,13,887,25.52904435810425,COMPLETE
45,0.04595579273639169,2025-11-18 14:31:20.652447,2025-11-18 14:31:27.425987,0 days 00:00:06.773540,1.415561581269897,39.4061611583262,2,11,3,False,7,13,751,27.11130053491749,COMPLETE
46,0.05009783526819118,2025-11-18 14:31:22.267857,2025-11-18 14:31:28.456312,0 days 00:00:06.188455,1.3698002003411562,34.4370812791673,2,5,4,True,7,13,738,27.90045686722476,COMPLETE
47,0.05500663828680322,2025-11-18 14:31:25.746595,2025-11-18 14:31:36.470065,0 days 00:00:10.723470,1.3879971081866498,35.44485983096399,2,11,4,False,3,45,757,29.485792628596773,COMPLETE
48,0.0453895070496633,2025-11-18 14:31:27.373132,2025-11-18 14:31:32.957735,0 days 00:00:05.584603,1.3323456869048087,34.05773237880199,2,5,4,True,3,13,845,29.05705995850762,COMPLETE
49,0.049966779338524135,2025-11-18 14:31:27.427343,2025-11-18 14:31:37.464815,0 days 00:00:10.037472,1.6302622444070873,-45.92268436147053,3,1,4,True,7,45,847,30.61548002518587,COMPLETE
50,0.04591712846053123,2025-11-18 14:31:28.457540,2025-11-18 14:31:40.380294,0 days 00:00:11.922754,1.5633209910642725,-43.886069439252445,3,7,3,False,11,45,465,30.50129647148602,COMPLETE
51,0.04593901252104377,2025-11-18 14:31:32.959119,2025-11-18 14:31:44.604841,0 days 00:00:11.645722,1.6822628046360915,-44.64483276783391,3,7,3,False,11,45,467,31.607671577733065,COMPLETE
52,0.0437622572659465,2025-11-18 14:31:36.470884,2025-11-18 14:31:43.752759,0 days 00:00:07.281875,1.5655509186057754,-49.755566524643136,3,7,3,False,11,9,806,24.55293294029186,COMPLETE
53,0.04357636696829405,2025-11-18 14:31:37.466008,2025-11-18 14:31:45.285015,0 days 00:00:07.819007,1.8318462484220888,-49.57232140756832,3,7,3,False,11,17,455,24.13130374242248,COMPLETE
54,0.04154417438271605,2025-11-18 14:31:40.381857,2025-11-18 14:31:47.085039,0 days 00:00:06.703182,1.1853213622791985,-34.61868393775823,2,9,2,False,9,17,802,23.868448599423594,COMPLETE
55,0.04498829805578938,2025-11-18 14:31:43.754133,2025-11-18 14:31:50.215507,0 days 00:00:06.461374,1.1869720559390426,-23.313197859866637,1,9,2,False,9,17,605,35.73108020479085,COMPLETE
56,0.04438882824190984,2025-11-18 14:31:44.606970,2025-11-18 14:31:50.802784,0 days 00:00:06.195814,1.1834478797201626,-3.8407844118940346,1,9,2,False,9,13,616,35.60488584417085,COMPLETE
57,0.04231779966914515,2025-11-18 14:31:45.286214,2025-11-18 14:31:51.511586,0 days 00:00:06.225372,1.1933715883269336,-33.6236695558453,1,9,2,False,9,3,979,39.24965110186048,COMPLETE
58,0.04302517726454359,2025-11-18 14:31:47.086114,2025-11-18 14:31:53.604793,0 days 00:00:06.518679,1.1801936131110695,-23.0883123681022,1,9,2,False,9,17,880,17.715718058663587,COMPLETE
59,0.04247657784441638,2025-11-18 14:31:50.216713,2025-11-18 14:31:56.292808,0 days 00:00:06.076095,1.210223302699171,-34.27748600827649,1,9,3,False,7,3,881,16.586534640935625,COMPLETE
60,0.04116440373059297,2025-11-18 14:31:50.804147,2025-11-18 14:31:56.697363,0 days 00:00:05.893216,0.7294037223650904,18.679081662325363,2,9,3,False,7,3,963,16.587551009995547,COMPLETE
61,0.05095279326833148,2025-11-18 14:31:51.513046,2025-11-18 14:31:58.052188,0 days 00:00:06.539142,0.7490951978449504,18.7916465479891,2,11,3,False,5,17,881,17.1461612279859,COMPLETE
62,0.0470499738414235,2025-11-18 14:31:53.605937,2025-11-18 14:31:59.834933,0 days 00:00:06.228996,0.7138600042480541,18.76130995614209,2,11,3,False,5,13,884,22.88377619944129,COMPLETE
63,0.2995748537165638,2025-11-18 14:31:56.294191,2025-11-18 14:32:02.224010,0 days 00:00:05.929819,0.7555926943032604,45.44996767919347,2,11,3,False,5,5,344,3.7001619369974357,COMPLETE
64,0.46560085081135427,2025-11-18 14:31:56.698387,2025-11-18 14:32:02.746272,0 days 00:00:06.047885,0.7693306614246127,20.283111375166467,2,11,3,False,5,5,992,2.337123080117589,COMPLETE
65,0.06259995060559298,2025-11-18 14:31:58.053325,2025-11-18 14:32:04.313320,0 days 00:00:06.259995,0.8195318194021128,28.693115014471857,2,11,3,False,7,5,996,12.691264909717532,COMPLETE
66,0.2621851216154602,2025-11-18 14:31:59.836400,2025-11-18 14:32:06.196745,0 days 00:00:06.360345,0.8955835572167057,2.0325090473695617,2,11,3,False,7,5,965,4.088053483828997,COMPLETE
67,0.05854907948115413,2025-11-18 14:32:02.225449,2025-11-18 14:32:08.498013,0 days 00:00:06.272564,1.0666045546482628,8.226962193768127,2,9,3,False,7,3,997,14.697937329654641,COMPLETE
68,0.03727559521721849,2025-11-18 14:32:02.747644,2025-11-18 14:32:08.803444,0 days 00:00:06.055800,0.870388595384247,9.413143069981738,2,9,3,False,7,3,957,38.721913628824524,COMPLETE
69,0.04002566536312196,2025-11-18 14:32:04.314617,2025-11-18 14:32:09.937581,0 days 00:00:05.622964,0.384992976005623,7.231001149835469,2,9,4,False,7,3,814,11.51883756860169,COMPLETE
70,0.045017956620604184,2025-11-18 14:32:06.198720,2025-11-18 14:32:12.440010,0 days 00:00:06.241290,0.40119901083414566,10.083306336785292,2,9,4,False,9,3,423,12.172979967562188,COMPLETE
71,0.08173116801697529,2025-11-18 14:32:08.499330,2025-11-18 14:32:17.816185,0 days 00:00:09.316855,1.485295292057265,-41.11789545146907,4,9,4,False,9,25,912,9.672411010183247,COMPLETE
72,0.05023971631827534,2025-11-18 14:32:08.805108,2025-11-18 14:32:14.355581,0 days 00:00:05.550473,0.4131123487280408,-4.281247007818768,2,7,4,True,7,3,954,38.50210636422848,COMPLETE
73,0.05023774346474,2025-11-18 14:32:09.938531,2025-11-18 14:32:15.543185,0 days 00:00:05.604654,0.4159095851383141,0.732216781712876,2,7,4,True,7,3,434,38.51456247825067,COMPLETE
74,0.04359488621749907,2025-11-18 14:32:12.441182,2025-11-18 14:32:18.090016,0 days 00:00:05.648834,0.4327948277564737,-2.084017313568168,2,7,4,False,7,3,910,11.133849524122288,COMPLETE
75,0.05235260592031425,2025-11-18 14:32:14.357237,2025-11-18 14:32:20.205674,0 days 00:00:05.848437,0.6338766236918699,13.848854274278922,2,9,3,False,7,3,910,9.167165709311716,COMPLETE
76,0.03856348131196222,2025-11-18 14:32:15.544289,2025-11-18 14:32:21.357847,0 days 00:00:05.813558,0.6559414999482598,6.575650731921712,2,9,3,False,7,3,916,46.663439672092764,COMPLETE
77,0.05362996647610362,2025-11-18 14:32:17.817649,2025-11-18 14:32:23.521788,0 days 00:00:05.704139,0.6392573713931103,22.135135987288066,2,9,3,False,7,3,907,9.003952389176419,COMPLETE
78,0.03805611818415638,2025-11-18 14:32:18.091270,2025-11-18 14:32:23.556923,0 days 00:00:05.465653,0.6441738593001811,4.885433758976018,2,9,3,False,5,3,530,40.40469194743925,COMPLETE
79,0.0421399907641227,2025-11-18 14:32:20.208317,2025-11-18 14:32:26.217555,0 days 00:00:06.009238,0.6794598830013819,4.766712797199471,2,11,3,False,5,9,582,42.17815369490752,COMPLETE
80,0.04441293358936587,2025-11-18 14:32:21.359054,2025-11-18 14:32:27.654216,0 days 00:00:06.295162,0.9407219307754748,4.7173900188299225,2,11,3,False,5,9,528,47.23287932852406,COMPLETE
81,0.04942642571548822,2025-11-18 14:32:23.523363,2025-11-18 14:32:29.299085,0 days 00:00:05.775722,0.9492211365620156,7.653525035193599,2,3,5,False,5,13,582,46.44831566694836,COMPLETE
82,0.04739789386924804,2025-11-18 14:32:23.558524,2025-11-18 14:32:28.842858,0 days 00:00:05.284334,0.8507394510894201,5.321989419118651,2,3,3,False,5,11,502,41.63640316748792,COMPLETE
83,0.08622535759797043,2025-11-18 14:32:26.219054,2025-11-18 14:32:33.254559,0 days 00:00:07.035505,0.8510558319785616,-7.686463133764647,5,9,5,False,5,7,521,46.70866573718473,COMPLETE
84,0.041924040024083425,2025-11-18 14:32:27.655366,2025-11-18 14:32:33.493533,0 days 00:00:05.838167,0.8320487922698114,7.550626231895822,2,9,5,False,3,13,508,40.59133069013628,COMPLETE
85,0.04356420469159185,2025-11-18 14:32:28.844295,2025-11-18 14:32:36.338902,0 days 00:00:07.494607,0.48427578605712474,-7.260576876641906,5,9,5,False,7,13,853,46.79574119524657,COMPLETE
86,0.11758608582935841,2025-11-18 14:32:29.300194,2025-11-18 14:32:36.527146,0 days 00:00:07.226952,1.0895923799333571,11.778135076434506,5,9,3,False,7,7,856,37.20963246569711,COMPLETE
87,0.04679751069725028,2025-11-18 14:32:33.255554,2025-11-18 14:32:39.580958,0 days 00:00:06.325404,0.4727125208523028,11.786151472838423,2,9,3,False,9,13,851,39.804632524403694,COMPLETE
88,0.045286684846146646,2025-11-18 14:32:33.494752,2025-11-18 14:32:40.093804,0 days 00:00:06.599052,1.0843510854092369,11.913110482289444,2,11,3,False,7,3,842,35.60445627736357,COMPLETE
89,0.14495699179292929,2025-11-18 14:32:36.340445,2025-11-18 14:32:42.410458,0 days 00:00:06.070013,1.2695843005587497,2.468035704492376,2,11,3,False,1,3,304,37.192339217644665,COMPLETE
90,0.03948970681935091,2025-11-18 14:32:36.528156,2025-11-18 14:32:42.951599,0 days 00:00:06.423443,0.5820422600235007,15.784823699335078,2,11,3,False,9,3,483,34.994411583328024,COMPLETE
91,0.04934230177936775,2025-11-18 14:32:39.582527,2025-11-18 14:32:47.744021,0 days 00:00:08.161494,0.34025406520844126,2.8881940269496003,2,11,3,False,15,3,819,35.37219756300203,COMPLETE
92,0.03895883750701459,2025-11-18 14:32:40.094757,2025-11-18 14:32:46.560455,0 days 00:00:06.465698,0.6162116662419777,2.140249261959494,2,11,3,False,9,3,785,32.87711299914081,COMPLETE
93,0.04876732092335392,2025-11-18 14:32:42.411576,2025-11-18 14:32:47.860082,0 days 00:00:05.448506,0.348252317213516,15.682776333785977,2,7,3,False,9,3,817,34.536475861081,COMPLETE
94,0.039215893015806205,2025-11-18 14:32:42.952492,2025-11-18 14:32:49.303249,0 days 00:00:06.350757,0.5982766857744949,15.983731935782908,2,11,3,False,9,3,488,34.97702374302351,COMPLETE
95,0.04239851129933596,2025-11-18 14:32:46.561525,2025-11-18 14:32:52.672893,0 days 00:00:06.111368,0.35072669529078354,15.66408547713511,2,11,3,False,9,3,687,32.72258517126862,COMPLETE
96,0.03829290444958847,2025-11-18 14:32:47.745167,2025-11-18 14:32:54.462060,0 days 00:00:06.716893,0.6065562103368292,15.280503386569567,2,13,3,False,9,3,772,32.72756155475969,COMPLETE
97,0.038501763877197906,2025-11-18 14:32:47.861061,2025-11-18 14:32:54.521774,0 days 00:00:06.660713,0.5708320758722352,-0.7819084868255004,2,13,3,False,9,3,487,32.902312885478025,COMPLETE
98,0.03939491486040966,2025-11-18 14:32:49.304325,2025-11-18 14:32:55.627009,0 days 00:00:06.322684,0.5709422552944343,16.702473996315092,2,11,3,False,9,3,491,32.86057619175469,COMPLETE
99,0.09918948600589227,2025-11-18 14:32:52.674208,2025-11-18 14:32:59.593515,0 days 00:00:06.919307,0.5922236514776934,9.32735016356738,3,13,3,False,7,3,483,30.69322943973984,COMPLETE
100,0.05371208833122895,2025-11-18 14:32:54.463333,2025-11-18 14:33:02.288863,0 days 00:00:07.825530,0.5854375760326738,16.904096491214798,3,13,3,False,11,3,707,33.457085531177945,COMPLETE
101,0.07728103517817059,2025-11-18 14:32:54.523411,2025-11-18 14:33:03.169665,0 days 00:00:08.646254,0.5697180885437397,26.088275808931268,3,15,3,False,11,3,479,34.19351945309129,COMPLETE
102,0.08329021186985597,2025-11-18 14:32:55.628330,2025-11-18 14:33:04.343733,0 days 00:00:08.715403,0.5819255976445498,22.17665463392286,3,15,3,False,11,3,486,31.076495341174862,COMPLETE
103,0.039089593855218846,2025-11-18 14:32:59.594342,2025-11-18 14:33:07.326986,0 days 00:00:07.732644,0.5308387129950333,26.36867685566832,2,15,3,False,11,3,480,34.330770598555645,COMPLETE
104,0.03824287799873738,2025-11-18 14:33:02.290816,2025-11-18 14:33:08.957497,0 days 00:00:06.666681,0.5413041743494513,22.080256087338007,2,13,3,False,9,3,552,34.740837505776355,COMPLETE
105,0.038173806204405164,2025-11-18 14:33:03.170763,2025-11-18 14:33:09.990474,0 days 00:00:06.819711,0.6795076903310021,13.977127634315092,2,13,3,False,9,3,551,31.80067083017429,COMPLETE
106,0.03805495273919753,2025-11-18 14:33:04.344950,2025-11-18 14:33:11.111877,0 days 00:00:06.766927,0.6874401562525877,14.050620272847924,2,13,3,False,9,3,540,32.02400418290233,COMPLETE
107,0.04430630816264497,2025-11-18 14:33:07.328470,2025-11-18 14:33:14.614267,0 days 00:00:07.285797,0.684946680867383,13.83839877794823,2,15,3,False,9,3,417,38.083438295143154,COMPLETE
108,0.04195884262182006,2025-11-18 14:33:08.958503,2025-11-18 14:33:17.246897,0 days 00:00:08.288394,0.6766498985160434,20.27409869801931,2,15,3,False,13,3,382,32.147749354921636,COMPLETE
109,0.0506323141718107,2025-11-18 14:33:09.991960,2025-11-18 14:33:18.271012,0 days 00:00:08.279052,0.6745611393687934,23.60079579342852,2,15,3,True,13,3,624,36.60077356962654,COMPLETE
110,0.049673671758090156,2025-11-18 14:33:11.113134,2025-11-18 14:33:18.910674,0 days 00:00:07.797540,0.6886149941571496,27.705798120130353,2,15,3,True,11,3,552,28.99207787900547,COMPLETE
111,0.04996976419285447,2025-11-18 14:33:14.615509,2025-11-18 14:33:22.064424,0 days 00:00:07.448915,0.7804323874901867,24.303287053630143,2,13,3,True,11,3,774,28.912089194441045,COMPLETE
112,0.04951025372357837,2025-11-18 14:33:17.247818,2025-11-18 14:33:25.807919,0 days 00:00:08.560101,0.5153880005422826,23.085879924372325,2,13,3,True,11,25,624,36.61292076779538,COMPLETE
113,0.04888079288252899,2025-11-18 14:33:18.272458,2025-11-18 14:33:27.276677,0 days 00:00:09.004219,2.231628784323542,27.863694630317028,2,13,3,False,11,25,559,28.04343756211562,COMPLETE
114,0.043264981265198274,2025-11-18 14:33:18.912039,2025-11-18 14:33:26.953154,0 days 00:00:08.041115,0.509865694711307,31.035292546411796,2,13,3,False,9,25,779,31.722605477268107,COMPLETE
115,0.04116865267255893,2025-11-18 14:33:22.065588,2025-11-18 14:33:29.270378,0 days 00:00:07.204790,0.5156016813361208,29.29187360527832,2,13,3,False,9,15,570,31.545732727504003,COMPLETE
116,0.04162190115857651,2025-11-18 14:33:25.808967,2025-11-18 14:33:32.967694,0 days 00:00:07.158727,0.45995981502097627,29.79206521773701,2,13,3,False,9,15,451,30.027026069469045,COMPLETE
117,0.043766374684343426,2025-11-18 14:33:26.954760,2025-11-18 14:33:34.567093,0 days 00:00:07.612333,0.47210425500381653,-0.10601187779488974,2,13,3,False,9,19,445,40.13016748952887,COMPLETE
118,0.04256451596403853,2025-11-18 14:33:27.277719,2025-11-18 14:33:34.922389,0 days 00:00:07.644670,0.45294593417416884,-1.1085858552005048,2,13,3,False,9,19,452,29.87489688662431,COMPLETE
119,0.04395240381242985,2025-11-18 14:33:29.271738,2025-11-18 14:33:36.845695,0 days 00:00:07.573957,0.45764646814369186,-1.8967741679101155,2,13,3,False,9,19,542,39.87365306286377,COMPLETE
120,0.04702304073723344,2025-11-18 14:33:32.968564,2025-11-18 14:33:39.957946,0 days 00:00:06.989382,0.8048286910751905,-1.6351714064545018,1,13,3,False,9,19,537,39.84547840351482,COMPLETE
121,0.0450724950605593,2025-11-18 14:33:34.568527,2025-11-18 14:33:40.815386,0 days 00:00:06.246859,0.7936577180583694,6.541611080482058,1,13,3,False,9,3,543,34.64946587460701,COMPLETE
122,0.03895502697694538,2025-11-18 14:33:34.923522,2025-11-18 14:33:42.006922,0 days 00:00:07.083400,0.8055626028993805,9.39360280984539,2,13,3,False,9,3,535,34.46307936129023,COMPLETE
123,0.045588279350215116,2025-11-18 14:33:36.847480,2025-11-18 14:33:42.980766,0 days 00:00:06.133286,0.6325083032819556,19.88717617036169,1,13,3,False,9,3,516,34.245662785328356,COMPLETE
124,0.04469456208497008,2025-11-18 14:33:39.959135,2025-11-18 14:33:47.216239,0 days 00:00:07.257104,0.6424407958361047,17.98283757802609,2,15,3,False,9,3,515,33.12528144700784,COMPLETE
125,0.04450802147633745,2025-11-18 14:33:40.816648,2025-11-18 14:33:48.125175,0 days 00:00:07.308527,0.6176937610596288,17.599993185568923,2,15,3,False,9,3,517,33.357172006757935,COMPLETE
126,0.04014880065118781,2025-11-18 14:33:42.008586,2025-11-18 14:33:49.023786,0 days 00:00:07.015200,0.9082265786105459,9.839268658128585,2,13,3,False,9,3,514,36.133633912036146,COMPLETE
127,0.04623783772329779,2025-11-18 14:33:42.981610,2025-11-18 14:33:50.381485,0 days 00:00:07.399875,0.7340718912938142,8.70058551182862,2,15,3,False,9,3,597,35.9564041452002,COMPLETE
128,0.0381413527637486,2025-11-18 14:33:47.217096,2025-11-18 14:33:54.107460,0 days 00:00:06.890364,0.7286297333939512,13.445529431737018,2,13,3,False,9,3,594,36.10237918154001,COMPLETE
129,0.039401118388748595,2025-11-18 14:33:48.127263,2025-11-18 14:33:55.083699,0 days 00:00:06.956436,0.7183744294128848,10.1887854171962,2,13,3,False,9,11,591,36.05900550906424,COMPLETE
130,0.03836812497077255,2025-11-18 14:33:49.025060,2025-11-18 14:33:56.047763,0 days 00:00:07.022703,0.7506676541710386,13.386444129612629,2,13,3,False,9,3,590,42.51179624291745,COMPLETE
131,0.039913315007716055,2025-11-18 14:33:50.382731,2025-11-18 14:33:57.384320,0 days 00:00:07.001589,0.7387673283577867,13.340545159542035,2,13,3,False,9,11,588,42.32946283751902,COMPLETE
132,0.04002817527123083,2025-11-18 14:33:54.108783,2025-11-18 14:34:01.148773,0 days 00:00:07.039990,0.7356682872680758,3.456321821659426,2,13,3,False,9,11,589,37.90909704984613,COMPLETE
133,0.04312359708193043,2025-11-18 14:33:55.084745,2025-11-18 14:34:01.403217,0 days 00:00:06.318472,0.5349022238765704,12.500845321487875,2,13,3,False,7,3,573,38.09095191028248,COMPLETE
134,0.03810536645389076,2025-11-18 14:33:56.048926,2025-11-18 14:34:03.184764,0 days 00:00:07.135838,0.8820580019368415,13.575959653158785,2,13,3,False,9,3,574,45.631796963397726,COMPLETE
135,0.03855533781098017,2025-11-18 14:33:57.385371,2025-11-18 14:34:04.133936,0 days 00:00:06.748565,0.5275903093739722,12.519565606532508,2,13,3,False,9,3,565,45.28284837992522,COMPLETE
136,0.04860469203025627,2025-11-18 14:34:01.150208,2025-11-18 14:34:07.818232,0 days 00:00:06.668024,0.8644888938453853,12.577187896315376,2,13,3,False,7,3,652,39.113461710603175,COMPLETE
137,0.03830840961700336,2025-11-18 14:34:01.404419,2025-11-18 14:34:08.367304,0 days 00:00:06.962885,0.7968391196170863,6.1701637843355215,2,13,3,False,9,3,653,49.775647865221316,COMPLETE
138,0.038703594100729516,2025-11-18 14:34:03.185956,2025-11-18 14:34:10.234914,0 days 00:00:07.048958,0.8332803702723943,5.621733251546597,2,13,3,False,9,3,664,48.577210053139666,COMPLETE
139,0.038974127121913574,2025-11-18 14:34:04.135120,2025-11-18 14:34:11.222513,0 days 00:00:07.087393,0.8791162260651533,5.509607213805387,2,13,3,False,9,3,646,45.537440135951606,COMPLETE
140,0.038591137795781896,2025-11-18 14:34:07.819226,2025-11-18 14:34:15.073112,0 days 00:00:07.253886,0.926175320520362,5.849860091256874,2,13,3,False,9,3,615,45.65838847303466,COMPLETE
141,0.038230690148007854,2025-11-18 14:34:08.368487,2025-11-18 14:34:15.593001,0 days 00:00:07.224514,0.9146387549408843,5.694525662958211,2,13,3,False,9,3,612,48.546960829887716,COMPLETE
142,0.05241625602085673,2025-11-18 14:34:10.236362,2025-11-18 14:34:18.029537,0 days 00:00:07.793175,2.384501586520547,6.115665950399096,2,13,3,False,9,3,662,48.71702165163141,COMPLETE
143,0.03851318450710812,2025-11-18 14:34:11.225219,2025-11-18 14:34:18.433456,0 days 00:00:07.208237,0.9525703970825219,6.801473653574645,2,13,3,False,9,3,611,49.66428206226037,COMPLETE
144,0.03857199015619154,2025-11-18 14:34:15.074475,2025-11-18 14:34:22.316212,0 days 00:00:07.241737,0.9681515616608168,6.883717792350686,2,13,3,False,9,3,615,48.20720273391226,COMPLETE
145,0.03853766615810886,2025-11-18 14:34:15.594719,2025-11-18 14:34:22.834059,0 days 00:00:07.239340,0.9366790171156593,7.4610144735114705,2,13,3,False,9,3,600,47.857215734714245,COMPLETE
146,0.03906891177398989,2025-11-18 14:34:18.031449,2025-11-18 14:34:25.245982,0 days 00:00:07.214533,0.9314037446869696,-4.626644939305945,2,13,3,False,9,3,617,49.67437432145141,COMPLETE
147,0.03866666520529369,2025-11-18 14:34:18.434895,2025-11-18 14:34:25.649694,0 days 00:00:07.214799,1.0048770103626266,14.251466982113307,2,13,3,False,9,3,606,48.46837518214485,COMPLETE
148,0.04510946779718481,2025-11-18 14:34:22.317337,2025-11-18 14:34:33.916970,0 days 00:00:11.599633,1.0015527850746229,11.19509229373056,2,13,3,False,9,45,632,49.64741208569279,COMPLETE
149,0.03870859930321736,2025-11-18 14:34:22.835026,2025-11-18 14:34:30.182162,0 days 00:00:07.347136,0.9931361323305093,14.52839373685736,2,13,3,False,9,3,568,49.894727844868555,COMPLETE
150,0.03838427314230266,2025-11-18 14:34:25.247760,2025-11-18 14:34:32.357365,0 days 00:00:07.109605,0.7773675262748763,13.277920074738255,2,13,3,False,9,3,576,47.94180747219995,COMPLETE
151,0.04456249415450804,2025-11-18 14:34:25.650841,2025-11-18 14:34:37.275066,0 days 00:00:11.624225,1.030359020173035,10.139429465339964,2,13,3,False,9,45,556,45.20998361565424,COMPLETE
152,0.045126368575804335,2025-11-18 14:34:30.183583,2025-11-18 14:34:41.779917,0 days 00:00:11.596334,0.7877573681179523,11.773963098496175,2,13,3,False,9,45,633,43.4824617984927,COMPLETE
153,0.038983490869341574,2025-11-18 14:34:32.358537,2025-11-18 14:34:39.492065,0 days 00:00:07.133528,0.7752184810833372,10.783405324082139,2,13,3,False,9,3,720,47.30627336130691,COMPLETE
154,0.049659401450851105,2025-11-18 14:34:33.918242,2025-11-18 14:34:41.903418,0 days 00:00:07.985176,1.8455925720922877,8.753006122271124,2,13,3,False,9,3,557,43.51883741991294,COMPLETE
155,0.03854248138210812,2025-11-18 14:34:37.276422,2025-11-18 14:34:44.423562,0 days 00:00:07.147140,0.7798540060076227,1.2494288542886367,2,13,3,False,9,3,702,47.47811905034714,COMPLETE
156,0.03831394822063225,2025-11-18 14:34:39.495555,2025-11-18 14:34:46.772551,0 days 00:00:07.276996,0.8895798771712787,3.136597736830515,2,13,3,False,9,3,575,47.810413537381805,COMPLETE
157,0.038178548359754955,2025-11-18 14:34:41.781054,2025-11-18 14:34:49.032532,0 days 00:00:07.251478,0.8418885145993918,1.6817646100852652,2,13,3,False,9,3,575,47.74391812760337,COMPLETE
158,0.0390614368511504,2025-11-18 14:34:41.904687,2025-11-18 14:34:49.100406,0 days 00:00:07.195719,0.9011036971644096,1.0883499909424215,2,13,3,False,9,9,578,47.50448900977343,COMPLETE
159,0.04882901643752338,2025-11-18 14:34:44.424522,2025-11-18 14:34:50.380553,0 days 00:00:05.956031,0.8710876045181096,3.0031724188872237,2,5,3,False,9,9,704,47.72220164323858,COMPLETE
160,0.03924492684366816,2025-11-18 14:34:46.773820,2025-11-18 14:34:53.999163,0 days 00:00:07.225343,0.9030739999723552,7.7989270882689645,2,13,3,False,9,9,595,47.894833569100705,COMPLETE
161,0.03849917724700711,2025-11-18 14:34:49.033760,2025-11-18 14:34:56.267255,0 days 00:00:07.233495,0.8806713398530174,4.073621768970745,2,13,3,False,9,3,582,41.368077113298554,COMPLETE
162,0.03865229990881033,2025-11-18 14:34:49.102002,2025-11-18 14:34:56.292467,0 days 00:00:07.190465,0.8351954193274448,3.2646231344289713,2,13,3,False,9,3,582,45.994833906024766,COMPLETE
163,0.040899716201365496,2025-11-18 14:34:50.381616,2025-11-18 14:34:58.068760,0 days 00:00:07.687144,0.7033701294067294,20.773201748740256,2,13,3,False,11,3,534,41.75315002098421,COMPLETE
164,0.0386357498597082,2025-11-18 14:34:54.002009,2025-11-18 14:35:01.134358,0 days 00:00:07.132349,0.6999311562792402,3.3898055519335237,2,13,3,False,9,3,576,46.295887051983954,COMPLETE
165,0.03847562356785447,2025-11-18 14:34:56.268349,2025-11-18 14:35:03.455989,0 days 00:00:07.187640,0.7006061667006884,-6.092862821212646,2,13,3,False,9,3,538,42.67364837345971,COMPLETE
166,0.11349005097268988,2025-11-18 14:34:56.293435,2025-11-18 14:35:02.245630,0 days 00:00:05.952195,0.6885922695568398,4.263182297891305,2,13,3,False,1,3,547,41.10464246395997,COMPLETE
167,0.03844588828095772,2025-11-18 14:34:58.070634,2025-11-18 14:35:05.211969,0 days 00:00:07.141335,0.6779367224683759,3.9273072287856268,2,13,3,False,9,3,548,48.9195037763126,COMPLETE
168,0.123118332485737,2025-11-18 14:35:01.135755,2025-11-18 14:35:07.321173,0 days 00:00:06.185418,0.8366271482048524,0.2738326182574964,2,13,3,False,1,3,556,40.9885824764093,COMPLETE
169,0.03808719428077067,2025-11-18 14:35:02.246753,2025-11-18 14:35:09.577855,0 days 00:00:07.331102,0.8548349149676255,-4.0628020491744286,2,13,3,False,9,3,605,48.907401039936765,COMPLETE
170,0.038448383575336705,2025-11-18 14:35:03.457161,2025-11-18 14:35:10.595959,0 days 00:00:07.138798,0.7589720324963443,-9.773583835766612,2,13,3,False,9,3,530,44.536397396207796,COMPLETE
171,0.03846211682800224,2025-11-18 14:35:05.212950,2025-11-18 14:35:12.487250,0 days 00:00:07.274300,0.8308657443085429,-10.849124040123804,2,13,3,False,9,3,558,44.60107432220519,COMPLETE
172,0.03828559758464273,2025-11-18 14:35:07.322509,2025-11-18 14:35:14.485463,0 days 00:00:07.162954,0.7621553836572028,-4.232111285524017,2,13,3,False,9,3,527,42.67431069541649,COMPLETE
173,0.03851297991488963,2025-11-18 14:35:09.578971,2025-11-18 14:35:16.770947,0 days 00:00:07.191976,0.7553635594178094,-11.861124433161352,2,13,3,False,9,3,526,44.745256925951644,COMPLETE
174,0.038327016548587736,2025-11-18 14:35:10.597684,2025-11-18 14:35:17.742823,0 days 00:00:07.145139,0.7542023988763105,-9.750760753039753,2,13,3,False,9,3,534,42.4774961365964,COMPLETE
175,0.038174807244902735,2025-11-18 14:35:12.488361,2025-11-18 14:35:19.579952,0 days 00:00:07.091591,0.7618157793029141,-12.340561627977289,2,13,3,False,9,5,530,44.930277794154975,COMPLETE
176,0.03827598540380658,2025-11-18 14:35:14.486528,2025-11-18 14:35:21.613675,0 days 00:00:07.127147,0.7609803744455523,-9.221271012321703,2,13,3,False,9,5,529,48.812281608642145,COMPLETE
177,0.038554029882154874,2025-11-18 14:35:16.772310,2025-11-18 14:35:23.862544,0 days 00:00:07.090234,0.6451882495067158,-8.788255905843037,2,13,3,False,9,3,605,48.97363784084738,COMPLETE
178,0.03867217458146278,2025-11-18 14:35:17.743781,2025-11-18 14:35:24.729674,0 days 00:00:06.985893,0.6614359522342054,-15.49326281493136,2,13,3,False,9,5,499,49.17050469533275,COMPLETE
179,0.038145488449307895,2025-11-18 14:35:19.581217,2025-11-18 14:35:26.736026,0 days 00:00:07.154809,0.7921124688906297,-15.090967101601874,2,13,3,False,9,5,499,42.75372399311222,COMPLETE
180,0.03847534225355406,2025-11-18 14:35:21.614777,2025-11-18 14:35:28.566139,0 days 00:00:06.951362,0.6355141486612192,-16.64383764021265,2,13,3,False,9,5,503,46.60461819666161,COMPLETE
181,0.04199256745697719,2025-11-18 14:35:23.863623,2025-11-18 14:35:31.632662,0 days 00:00:07.769039,0.8352773517772831,-13.705713694758442,2,15,3,False,9,5,515,46.48051677307845,COMPLETE
182,0.03790718966283203,2025-11-18 14:35:24.731006,2025-11-18 14:35:31.891005,0 days 00:00:07.159999,0.8308280707846568,-14.881751775054266,2,13,3,False,9,5,524,42.49736883461,COMPLETE
183,0.03804036092990085,2025-11-18 14:35:26.737083,2025-11-18 14:35:33.942260,0 days 00:00:07.205177,0.8169824550912879,-16.57555250885521,2,13,3,False,9,5,508,46.32253801735402,COMPLETE
184,0.03845464921202768,2025-11-18 14:35:28.567203,2025-11-18 14:35:36.026218,0 days 00:00:07.459015,0.8230128062267894,-3.854297680608431,2,13,3,False,9,3,521,43.09771325948991,COMPLETE
185,0.11741478368757015,2025-11-18 14:35:31.634130,2025-11-18 14:35:40.540523,0 days 00:00:08.906393,0.7900322092441286,-12.768967107649793,4,13,3,False,9,5,466,42.58757496697362,COMPLETE
186,0.08549338874859708,2025-11-18 14:35:31.892205,2025-11-18 14:35:38.142529,0 days 00:00:06.250324,0.8156604511850245,-5.593368989923796,2,13,3,False,3,5,527,43.52092502124911,COMPLETE
187,0.03814326716236438,2025-11-18 14:35:33.943302,2025-11-18 14:35:41.252273,0 days 00:00:07.308971,0.8796180931104467,-17.53846820733034,2,13,3,False,9,5,508,43.568266188718795,COMPLETE
188,0.03820305193135053,2025-11-18 14:35:36.027440,2025-11-18 14:35:43.250388,0 days 00:00:07.222948,0.8882373211566869,-13.407314985443982,2,13,3,False,9,5,470,43.886659973196565,COMPLETE
189,0.03812475156659184,2025-11-18 14:35:38.143813,2025-11-18 14:35:45.464189,0 days 00:00:07.320376,0.8976371967194066,-19.299252110819502,2,13,3,False,9,5,473,43.970543412785176,COMPLETE
190,0.038371475168350176,2025-11-18 14:35:40.541729,2025-11-18 14:35:47.906859,0 days 00:00:07.365130,0.908900171954406,-13.472847302858654,2,13,3,False,9,5,501,45.64151336840525,COMPLETE
191,0.03830077394313506,2025-11-18 14:35:41.253577,2025-11-18 14:35:48.530427,0 days 00:00:07.276850,0.8801293136981088,-19.16619811653584,2,13,3,False,9,5,499,44.69280572100687,COMPLETE
192,0.04939517060068275,2025-11-18 14:35:43.251953,2025-11-18 14:35:50.829930,0 days 00:00:07.577977,1.1083350826039784,-18.928870792301545,2,13,3,True,9,5,501,44.002198874448275,COMPLETE
193,0.04952406369832585,2025-11-18 14:35:45.465183,2025-11-18 14:35:53.081423,0 days 00:00:07.616240,1.125293049979922,-18.643868733337293,2,13,3,True,9,5,472,44.22530743107635,COMPLETE
194,0.03816110321969697,2025-11-18 14:35:47.908307,2025-11-18 14:35:55.282496,0 days 00:00:07.374189,0.861339971381077,-21.435043679581682,2,13,3,False,9,5,479,44.140975766070724,COMPLETE
195,0.0382276139578657,2025-11-18 14:35:48.532724,2025-11-18 14:35:55.987982,0 days 00:00:07.455258,0.9249984267831108,-19.387281328919702,2,13,3,False,9,5,437,44.29430139235055,COMPLETE
196,0.03829972906144782,2025-11-18 14:35:50.833140,2025-11-18 14:35:58.344841,0 days 00:00:07.511701,0.967799104980815,-22.108165942367233,2,13,3,False,9,5,470,44.06898018458525,COMPLETE
197,0.0508996358258511,2025-11-18 14:35:53.082747,2025-11-18 14:35:58.896655,0 days 00:00:05.813908,0.9361394080791834,-15.287737179508708,2,1,3,False,9,5,425,40.7253811457522,COMPLETE
198,0.03805724344135802,2025-11-18 14:35:55.284145,2025-11-18 14:36:01.541557,0 days 00:00:06.257412,0.8587714654001735,-21.9001981262661,2,13,3,False,9,5,480,40.65995621986798,COMPLETE
199,0.038653732054339696,2025-11-18 14:35:55.989416,2025-11-18 14:36:02.085933,0 days 00:00:06.096517,1.0381319767745254,-22.750271407169798,2,13,3,False,9,5,436,45.55758068044004,COMPLETE
